promo_flag,holiday_flag,avg_units_sold,avg_true_demand,avg_revenue,observations
0,0,0.6444144144144144,7.601398064731398,169.6108922922923,299700
0,1,2.75761316872428,9.259876543209877,723.2958497942387,4860
1,0,0.0122334455667789,9.071268237934905,2.6997101571268236,35640
1,1,0.014814814814814815,12.079629629629629,4.543814814814815,1620
