day_of_week,avg_units_sold,avg_true_demand,avg_revenue
Monday,0.5523456790123457,7.092510288065844,143.28693209876545
Tuesday,0.5144238683127572,7.089753086419753,135.91290205761317
Wednesday,0.5075102880658436,7.369300411522634,134.34685205761318
Thursday,0.48518518518518516,7.541131687242799,127.99420452674897
Friday,0.7190362405416169,7.890063719633612,190.32770390282755
Saturday,0.7409876543209877,8.637592592592593,195.23337037037038
Sunday,0.7156584362139917,8.97283950617284,186.94844691358023
